insert into users(username, password, enabled, pts_username, create_dttm, begin_dttm) values('user', 'user', 1, 'co23835', '20160801090000', '20160801090000');
insert into users(username, password, enabled, pts_username, create_dttm, begin_dttm) values('user1', 'user1', 1, 'co23831', '20160801090000', '20160801090000');
insert into users(username, password, enabled, pts_username, create_dttm, begin_dttm) values('user2', 'user2', 1, 'co23832', '20160801090000', '20160801090000');
insert into users(username, password, enabled, pts_username, create_dttm, begin_dttm) values('user3', 'user3', 1, 'co23833', '20160801090000', '20160801090000');
insert into users(username, password, enabled, pts_username, create_dttm, begin_dttm) values('user4', 'user4', 0, 'co23834', '20160801090000', '20160801090000');
insert into users(username, password, enabled, pts_username, create_dttm, begin_dttm) values('user5', 'user5', 0, 'co23835', '20160801090000', '20160801090000');

insert into authorities(username, authority, masking_yn) values('user', 'ROLE_USER', 1);
insert into authorities(username, authority, masking_yn) values('user', 'ROLE_ADMIN', 1);
insert into authorities(username, authority, masking_yn) values('user1', 'ROLE_USER', 1);
insert into authorities(username, authority, masking_yn) values('user2', 'ROLE_USER', 1);
insert into authorities(username, authority, masking_yn) values('user2', 'ROLE_ADMIN', 1);
insert into authorities(username, authority, masking_yn) values('user3', 'ROLE_USER', 0);
insert into authorities(username, authority, masking_yn) values('user4', 'ROLE_USER', 0);
insert into authorities(username, authority, masking_yn) values('user4', 'ROLE_ADMIN', 0);
insert into authorities(username, authority, masking_yn) values('user5', 'ROLE_USER', 0);

-- insert into menu_access(username, menu_id) values('user', 'QCTEST');
-- insert into menu_access(username, menu_id) values('user1', 'QCTEST');
insert into menu_access(username, menu_id) values('user', 'PAN0002');
insert into menu_access(username, menu_id) values('user', 'PAN0003');
insert into menu_access(username, menu_id) values('user', 'PAN0101');
insert into menu_access(username, menu_id) values('user', 'PAN0102');
insert into menu_access(username, menu_id) values('user', 'PAN0103');
insert into menu_access(username, menu_id) values('user', 'PAN0104');
insert into menu_access(username, menu_id) values('user', 'PAN0105');
insert into menu_access(username, menu_id) values('user', 'PAN0106');
insert into menu_access(username, menu_id) values('user', 'PAN0107');
insert into menu_access(username, menu_id) values('user', 'PAN0108');
insert into menu_access(username, menu_id) values('user1', 'PAN0101');
insert into menu_access(username, menu_id) values('user1', 'PAN0102');
insert into menu_access(username, menu_id) values('user2', 'PAN0002');
insert into menu_access(username, menu_id) values('user2', 'PAN0003');
insert into menu_access(username, menu_id) values('user2', 'PAN0101');
insert into menu_access(username, menu_id) values('user2', 'PAN0103');
insert into menu_access(username, menu_id) values('user3', 'PAN0104');
insert into menu_access(username, menu_id) values('user3', 'PAN0105');
insert into menu_access(username, menu_id) values('user4', 'PAN0102');
insert into menu_access(username, menu_id) values('user4', 'PAN0104');
insert into menu_access(username, menu_id) values('user4', 'PAN0107');
insert into menu_access(username, menu_id) values('user4', 'PAN0002');
insert into menu_access(username, menu_id) values('user4', 'PAN0003');
insert into menu_access(username, menu_id) values('user5', 'PAN0107');

insert into SINGLE_REQUEST_PROGRESS (SN,USERNAME,MEMBER_ID,EXTRACT_TARGET,EXTRACT_COND,PERIOD_TYPE,PERIOD_FROM,PERIOD_TO,STATUS) values('999991', 'user', '101700393', 'tr','t','sale_dt','20100101','20170314','FINISHED');
insert into SINGLE_REQUEST_PROGRESS (SN,USERNAME,MEMBER_ID,EXTRACT_TARGET,EXTRACT_COND,PERIOD_TYPE,PERIOD_FROM,PERIOD_TO,STATUS) values('999992', 'user', '101700393', 'tr','t','sale_dt','20100101','20170314','FINISHED');
insert into SINGLE_REQUEST_PROGRESS (SN,USERNAME,MEMBER_ID,EXTRACT_TARGET,EXTRACT_COND,PERIOD_TYPE,PERIOD_FROM,PERIOD_TO,STATUS) values('999993', 'user', '101700393', 'tr','t','sale_dt','20100101','20170314','FINISHED');
insert into SINGLE_REQUEST_PROGRESS (SN,USERNAME,MEMBER_ID,EXTRACT_TARGET,EXTRACT_COND,PERIOD_TYPE,PERIOD_FROM,PERIOD_TO,STATUS) values('999994', 'user', '101700393', 'tr','t','sale_dt','20100101','20170314','FINISHED');
insert into SINGLE_REQUEST_PROGRESS (SN,USERNAME,MEMBER_ID,EXTRACT_TARGET,EXTRACT_COND,PERIOD_TYPE,PERIOD_FROM,PERIOD_TO,STATUS) values('999995', 'user', '101700393', 'tr','t','sale_dt','20100101','20170314','FINISHED');
insert into SINGLE_REQUEST_PROGRESS (SN,USERNAME,MEMBER_ID,EXTRACT_TARGET,EXTRACT_COND,PERIOD_TYPE,PERIOD_FROM,PERIOD_TO,STATUS) values('999996', 'user', '101700393', 'tr','t','sale_dt','20100101','20170314','FINISHED');
insert into SINGLE_REQUEST_PROGRESS (SN,USERNAME,MEMBER_ID,EXTRACT_TARGET,EXTRACT_COND,PERIOD_TYPE,PERIOD_FROM,PERIOD_TO,STATUS) values('999997', 'user', '101700393', 'tr','t','sale_dt','20100101','20170314','PROCESSING');
insert into SINGLE_REQUEST_PROGRESS (SN,USERNAME,MEMBER_ID,EXTRACT_TARGET,EXTRACT_COND,PERIOD_TYPE,PERIOD_FROM,PERIOD_TO,STATUS) values('999998', 'user', '101700393', 'tr','t','sale_dt','20100101','20170314','PROCESSING');
insert into SINGLE_REQUEST_PROGRESS (SN,USERNAME,MEMBER_ID,EXTRACT_TARGET,EXTRACT_COND,PERIOD_TYPE,PERIOD_FROM,PERIOD_TO,STATUS) values('999999', 'user', '101700393', 'tr','t','sale_dt','20100101','20170314','PROCESSING');

insert into PANDORA_CODES(CODE, ID, NAME) values ('menu', 'PAN0002', '사용자등록관리');
insert into PANDORA_CODES(CODE, ID, NAME) values ('menu', 'PAN0003', '화면권한관리');
insert into PANDORA_CODES(CODE, ID, NAME) values ('menu', 'PAN0101', '멤버ID일괄전환');
insert into PANDORA_CODES(CODE, ID, NAME) values ('menu', 'PAN0102', '고객정보기본조회');
insert into PANDORA_CODES(CODE, ID, NAME) values ('menu', 'PAN0103', '배치적립파일검증');
insert into PANDORA_CODES(CODE, ID, NAME) values ('menu', 'PAN0104', '시효만료포인트사전고지');
insert into PANDORA_CODES(CODE, ID, NAME) values ('menu', 'PAN0105', '거래실적및유실적고객추출');
insert into PANDORA_CODES(CODE, ID, NAME) values ('menu', 'PAN0106', '회원프로파일분석');
insert into PANDORA_CODES(CODE, ID, NAME) values ('menu', 'PAN0107', '고객정보상세조회');
insert into PANDORA_CODES(CODE, ID, NAME) values ('menu', 'PAN0108', '이메일조회');
insert into PANDORA_CODES(CODE, ID, NAME) values ('action', 'pts', 'PTS전송');
insert into PANDORA_CODES(CODE, ID, NAME) values ('action', 'search', '검색조회');
insert into PANDORA_CODES(CODE, ID, NAME) values ('action', 'channel', '채널별전송');

-- insert into PANDORA_MENU_ACTION_LOG(USER_ID, MENU_ID, ACTION_ID) values ('1003899', 'PAN0105','pts');
-- insert into PANDORA_MENU_ACTION_LOG(USER_ID, MENU_ID, ACTION_ID) values ('1003899', 'PAN0101','pts');
-- insert into PANDORA_MENU_ACTION_LOG(USER_ID, MENU_ID, ACTION_ID) values ('1003899', 'PAN0102','pts');
-- insert into PANDORA_MENU_ACTION_LOG(USER_ID, MENU_ID, ACTION_ID) values ('1003899', 'PAN0103','pts');
-- insert into PANDORA_MENU_ACTION_LOG(USER_ID, MENU_ID, ACTION_ID) values ('1003899', 'PAN0104','search');
-- insert into PANDORA_MENU_ACTION_LOG(USER_ID, MENU_ID, ACTION_ID) values ('1003899', 'PAN0105','search');
-- insert into PANDORA_MENU_ACTION_LOG(USER_ID, MENU_ID, ACTION_ID) values ('1003899', 'PAN0105','search');
-- insert into PANDORA_MENU_ACTION_LOG(USER_ID, MENU_ID, ACTION_ID) values ('1003899', 'PAN0108','pts');
-- insert into PANDORA_MENU_ACTION_LOG(USER_ID, MENU_ID, ACTION_ID) values ('1003899', 'PAN0108','search');
-- insert into PANDORA_MENU_ACTION_LOG(USER_ID, MENU_ID, ACTION_ID) values ('1003899', 'PAN0107','search');


